{"Product1 - Platform1": [-66.12402219092458, 11.01398899552785], "Product1 - Platform3": [201.80174442436666, 7.190167777865201], "Product1 - Platform2": [-25.33607092061625, 3.1422030379752637], "Product6 - Platform1": [1.2337263783962946, 0.6765345404108801], "Product6 - Platform3": [2.132539274324907, 1.5465731819662805], "Product6 - Platform2": [-1.5789886582305346, 1.5985688471321313], "Product5 - Platform1": [0.9377341872385714, 0.519273740773909], "Product5 - Platform3": [-26.394236443917535, 5.874200752588832], "Product3 - Platform1": [1.0589519499923041, 0.20603616224642632], "Product3 - Platform3": [18.765202580528157, 8.662372147840307], "Product4 - Platform1": [42.276614068456006, 7.2322442286497965], "Product4 - Platform3": [262.1794451215836, 2.954907732925716], "Product2 - Platform1": [-96.9380113471091, 16.04890349097741], "Product2 - Platform3": [4.033032812819652, 3.979286670312044]}